id,name,icon_url
2,Apple TV Store,https://images.justwatch.com/icon/338253243/s100
3,Google Play Movies,https://images.justwatch.com/icon/169478387/s100
7,Fandango At Home,https://images.justwatch.com/icon/346744144/s100
8,Netflix,https://images.justwatch.com/icon/207360008/s100
9,Amazon Prime Video,https://images.justwatch.com/icon/322992749/s100
10,Amazon Video,https://images.justwatch.com/icon/340823436/s100
11,MUBI,https://images.justwatch.com/icon/164970114/s100
15,Hulu,https://images.justwatch.com/icon/116305230/s100
25,Fandor,https://images.justwatch.com/icon/554608/s100
34,MGM Plus,https://images.justwatch.com/icon/302467394/s100
43,Starz,https://images.justwatch.com/icon/301254735/s100
60,Fandango,https://images.justwatch.com/icon/811323/s100
73,Tubi TV,https://images.justwatch.com/icon/313528601/s100
80,AMC,https://images.justwatch.com/icon/922527/s100
83,The CW,https://images.justwatch.com/icon/950814/s100
87,Acorn TV,https://images.justwatch.com/icon/151881328/s100
99,Shudder,https://images.justwatch.com/icon/2562359/s100
100,GuideDoc,https://images.justwatch.com/icon/2625277/s100
123,FXNow,https://images.justwatch.com/icon/4259277/s100
143,Sundance Now,https://images.justwatch.com/icon/5676163/s100
151,BritBox,https://images.justwatch.com/icon/340824362/s100
188,YouTube Premium,https://images.justwatch.com/icon/70189310/s100
190,Curiosity Stream,https://images.justwatch.com/icon/48600036/s100
191,Kanopy,https://images.justwatch.com/icon/241588643/s100
192,YouTube,https://images.justwatch.com/icon/59562423/s100
196,AcornTV Amazon Channel,https://images.justwatch.com/icon/241732555/s100
197,BritBox Amazon Channel,https://images.justwatch.com/icon/340824345/s100
199,Fandor Amazon Channel,https://images.justwatch.com/icon/241732565/s100
201,MUBI Amazon Channel,https://images.justwatch.com/icon/241732473/s100
202,Screambox Amazon Channel,https://images.justwatch.com/icon/241732490/s100
204,Shudder Amazon Channel,https://images.justwatch.com/icon/241732468/s100
207,The Roku Channel,https://images.justwatch.com/icon/76972041/s100
209,PBS,https://images.justwatch.com/icon/78090545/s100
211,Freeform,https://images.justwatch.com/icon/79299282/s100
212,Hoopla,https://images.justwatch.com/icon/80212823/s100
235,YouTube Free,https://images.justwatch.com/icon/113378150/s100
251,ALLBLK,https://images.justwatch.com/icon/318685072/s100
257,fuboTV,https://images.justwatch.com/icon/316727345/s100
258,Criterion Channel,https://images.justwatch.com/icon/308609719/s100
268,History Vault,https://images.justwatch.com/icon/124941612/s100
278,Pure Flix,https://images.justwatch.com/icon/127414508/s100
283,Crunchyroll,https://images.justwatch.com/icon/324213205/s100
287,BFI Player Amazon Channel,https://images.justwatch.com/icon/241732527/s100
289,Cinemax Amazon Channel,https://images.justwatch.com/icon/241732600/s100
290,Hallmark+ Amazon Channel,https://images.justwatch.com/icon/326986513/s100
291,MZ Choice Amazon Channel,https://images.justwatch.com/icon/241732594/s100
295,RetroCrush Amazon Channel,https://images.justwatch.com/icon/322007825/s100
300,Pluto TV,https://images.justwatch.com/icon/312204955/s100
309,Sun Nxt,https://images.justwatch.com/icon/138047862/s100
322,USA Network,https://images.justwatch.com/icon/141752011/s100
331,FlixFling,https://images.justwatch.com/icon/147271109/s100
332,Fandango at Home Free,https://images.justwatch.com/icon/346744144/s100
337,Disney Plus,https://images.justwatch.com/icon/313118777/s100
344,Rakuten Viki,https://images.justwatch.com/icon/149297567/s100
350,Apple TV,https://images.justwatch.com/icon/338367329/s100
361,TCM,https://images.justwatch.com/icon/162036726/s100
363,TNT,https://images.justwatch.com/icon/164147684/s100
368,IndieFlix,https://images.justwatch.com/icon/165029440/s100
386,Peacock Premium,https://images.justwatch.com/icon/194173870/s100
387,Peacock Premium Plus,https://images.justwatch.com/icon/194173871/s100
397,BBC America,https://images.justwatch.com/icon/198412956/s100
417,Here TV,https://images.justwatch.com/icon/199216642/s100
427,Mhz Choice,https://images.justwatch.com/icon/200839772/s100
433,OVID,https://images.justwatch.com/icon/201697454/s100
438,Chai Flicks,https://images.justwatch.com/icon/201708663/s100
439,Shout! Factory TV,https://images.justwatch.com/icon/201913784/s100
444,Dekkoo,https://images.justwatch.com/icon/202068207/s100
446,Retrocrush,https://images.justwatch.com/icon/202068535/s100
455,Night Flight Plus,https://images.justwatch.com/icon/202924365/s100
457,VIX ,https://images.justwatch.com/icon/306191612/s100
473,Revry,https://images.justwatch.com/icon/208144706/s100
486,Spectrum On Demand,https://images.justwatch.com/icon/305635208/s100
503,Hi-YAH,https://images.justwatch.com/icon/209563206/s100
506,TBS,https://images.justwatch.com/icon/209564793/s100
507,tru TV,https://images.justwatch.com/icon/209564918/s100
514,AsianCrush,https://images.justwatch.com/icon/209565865/s100
520,Discovery +,https://images.justwatch.com/icon/240558410/s100
526,AMC+,https://images.justwatch.com/icon/277399832/s100
528,AMC+ Amazon Channel,https://images.justwatch.com/icon/241732522/s100
529,ARROW,https://images.justwatch.com/icon/241658074/s100
538,Plex,https://images.justwatch.com/icon/301832745/s100
551,Magellan TV,https://images.justwatch.com/icon/243233518/s100
554,BroadwayHD,https://images.justwatch.com/icon/243239329/s100
559,Filmzie,https://images.justwatch.com/icon/269433194/s100
569,DocAlliance Films,https://images.justwatch.com/icon/244290074/s100
575,OnDemandKorea,https://images.justwatch.com/icon/320827743/s100
579,Film Movement Plus,https://images.justwatch.com/icon/244703360/s100
582,Paramount+ Amazon Channel,https://images.justwatch.com/icon/246478651/s100
583,MGM+ Amazon Channel,https://images.justwatch.com/icon/302467404/s100
585,Metrograph,https://images.justwatch.com/icon/246602107/s100
600,Shout! Factory Amazon Channel,https://images.justwatch.com/icon/248032758/s100
602,FilmBox Live Amazon Channel,https://images.justwatch.com/icon/248033724/s100
603,CuriosityStream Amazon Channel,https://images.justwatch.com/icon/248040459/s100
613,Amazon Prime Video Free with Ads,https://images.justwatch.com/icon/327791663/s100
633,Paramount+ Roku Premium Channel,https://images.justwatch.com/icon/252888457/s100
634,Starz Roku Premium Channel,https://images.justwatch.com/icon/252888467/s100
635,AMC+ Roku Premium Channel,https://images.justwatch.com/icon/252888472/s100
636,MGM Plus Roku Premium Channel,https://images.justwatch.com/icon/302467432/s100
638,Public Domain Movies,https://images.justwatch.com/icon/254580265/s100
677,Eventive,https://images.justwatch.com/icon/258768419/s100
692,Cultpix,https://images.justwatch.com/icon/264459628/s100
1715,Shahid VIP,https://images.justwatch.com/icon/280600874/s100
1746,Hallmark TV Amazon Channel,https://images.justwatch.com/icon/292999370/s100
1771,Takflix,https://images.justwatch.com/icon/300757493/s100
1793,Klassiki,https://images.justwatch.com/icon/318329142/s100
1794,Starz Amazon Channel,https://images.justwatch.com/icon/241732487/s100
1796,Netflix Standard with Ads,https://images.justwatch.com/icon/330025803/s100
1811,Cohen Media Amazon Channel,https://images.justwatch.com/icon/301605243/s100
1825,HBO Max Amazon Channel,https://images.justwatch.com/icon/343788557/s100
1852,Britbox Apple TV channel,https://images.justwatch.com/icon/340824336/s100
1854,AMC Plus Apple TV channel,https://images.justwatch.com/icon/303391393/s100
1855,Starz Apple TV channel,https://images.justwatch.com/icon/303391389/s100
1866,ViX Premium Amazon Channel,https://images.justwatch.com/icon/305959617/s100
1875,Runtime,https://images.justwatch.com/icon/333103406/s100
1899,HBO Max,https://images.justwatch.com/icon/332884837/s100
1956,Angel Studios,https://images.justwatch.com/icon/308645786/s100
1957,Cineverse,https://images.justwatch.com/icon/308646203/s100
1960,Midnight Pulp,https://images.justwatch.com/icon/308696798/s100
1963,Xumo Play,https://images.justwatch.com/icon/308802886/s100
1964,National Geographic,https://images.justwatch.com/icon/308813669/s100
1968,Crunchyroll Amazon Channel,https://images.justwatch.com/icon/324213165/s100
1971,DistroTV,https://images.justwatch.com/icon/309114965/s100
1972,myfilmfriend,https://images.justwatch.com/icon/309179435/s100
1990,GlewedTV,https://images.justwatch.com/icon/310345071/s100
2033,A&E Crime Central Apple TV channel,https://images.justwatch.com/icon/311497419/s100
2034,Acorn TV Apple TV channel,https://images.justwatch.com/icon/311497466/s100
2036,ALLBLK Apple TV channel,https://images.justwatch.com/icon/311497573/s100
2039,BBC Select Apple Tv channel,https://images.justwatch.com/icon/311511401/s100
2045,UP Faith & Family Apple TV channel,https://images.justwatch.com/icon/311511403/s100
2049,Shudder Apple TV channel,https://images.justwatch.com/icon/311511431/s100
2050,ScreenPix Apple TV channel,https://images.justwatch.com/icon/311511423/s100
2056,IFC Films Unlimited Apple TV channel,https://images.justwatch.com/icon/311512270/s100
2057,HISTORY Vault Apple TV channel,https://images.justwatch.com/icon/311512285/s100
2058,Hallmark+ Apple TV channel,https://images.justwatch.com/icon/326986586/s100
2059,Eros Now Select Apple TV channel,https://images.justwatch.com/icon/311512065/s100
2060,CuriosityStream Apple TV channel,https://images.justwatch.com/icon/311512090/s100
2061,Cinemax Apple TV channel,https://images.justwatch.com/icon/311512103/s100
2064,ALLBLK Amazon channel ,https://images.justwatch.com/icon/318726470/s100
2066,UP Faith & Family Amazon Channel ,https://images.justwatch.com/icon/311566914/s100
2069,ScreenPix Amazon Channel ,https://images.justwatch.com/icon/311566899/s100
2073,HISTORY Vault Amazon Channel,https://images.justwatch.com/icon/311578219/s100
2077,Plex Channel,https://images.justwatch.com/icon/311774696/s100
2078,Troma NOW,https://images.justwatch.com/icon/311776387/s100
2100,Amazon Prime Video with Ads,https://images.justwatch.com/icon/322992746/s100
2129,BYUtv,https://images.justwatch.com/icon/316488403/s100
2135,Kino Film Collection,https://images.justwatch.com/icon/316757898/s100
2174,Strand Releasing Amazon Channel,https://images.justwatch.com/icon/318073935/s100
2239,FlixHouse,https://images.justwatch.com/icon/321574548/s100
2243,Apple TV Amazon Channel,https://images.justwatch.com/icon/338254390/s100
2266,Qello Concerts by Stingray Amazon Channel,https://images.justwatch.com/icon/321625197/s100
2285,JustWatch TV,https://images.justwatch.com/icon/347157971/s100
2296,Viaplay Amazon Channel,https://images.justwatch.com/icon/321959641/s100
2303,Paramount Plus Premium,https://images.justwatch.com/icon/332803145/s100
2308,Darkroom,https://images.justwatch.com/icon/323013891/s100
2326,Broadway HD Amazon Channel,https://images.justwatch.com/icon/324772850/s100
2330,Jolt Film,https://images.justwatch.com/icon/324785388/s100
2358,Lionsgate+ Amazon Channels,https://images.justwatch.com/icon/348547396/s100
2366,The Coda Collection Amazon Channel,https://images.justwatch.com/icon/327288766/s100
2367,Midnight Pulp Amazon Channel,https://images.justwatch.com/icon/327292620/s100
2369,Daring Docs Amazon Channel,https://images.justwatch.com/icon/327292739/s100
2370,DC Amazon Channel,https://images.justwatch.com/icon/327292755/s100
2371,Dekkoo Amazon Channel,https://images.justwatch.com/icon/327292762/s100
2377,DocuramaFilms Amazon Channel,https://images.justwatch.com/icon/327344916/s100
2378,Dove Amazon Channel,https://images.justwatch.com/icon/327344919/s100
2379,Dox Amazon Channel,https://images.justwatch.com/icon/327344993/s100
2383,Philo,https://images.justwatch.com/icon/327419079/s100
2392,Echoboom Amazon Channel ,https://images.justwatch.com/icon/328262805/s100
2394,Fear Factory Amazon Channel,https://images.justwatch.com/icon/328264651/s100
2395,Film Movement Plus Amazon Channel,https://images.justwatch.com/icon/328265507/s100
2400,France Channel Amazon Channel,https://images.justwatch.com/icon/328345335/s100
2401,Fuse+ Amazon Channel,https://images.justwatch.com/icon/328345617/s100
2403,Hi-YAH Amazon Channel,https://images.justwatch.com/icon/328346669/s100
2404,Indie Club Amazon Channel,https://images.justwatch.com/icon/328346929/s100
2405,IndieFlix Shorts Amazon Channel,https://images.justwatch.com/icon/328347483/s100
2406,Here TV  Amazon Channel,https://images.justwatch.com/icon/328353906/s100
2407,IndiePix Unlimited Amazon Channel,https://images.justwatch.com/icon/328580213/s100
2409,Fawesome,https://images.justwatch.com/icon/329335186/s100
2411,Eternal Family,https://images.justwatch.com/icon/329592679/s100
2414,Kartoon Channel Amazon Channel,https://images.justwatch.com/icon/329586092/s100
2418,Magnolia Selects Amazon Channel,https://images.justwatch.com/icon/329619928/s100
2419,Monsters and Nightmares Amazon Channel,https://images.justwatch.com/icon/329620270/s100
2420,Marquee TV Amazon Channel,https://images.justwatch.com/icon/329620432/s100
2428,Pinoy Box Office Amazon Channel,https://images.justwatch.com/icon/329621480/s100
2430,PBS Documentaries Amazon Channel,https://images.justwatch.com/icon/329621782/s100
2433,Great American Pure Flix Amazon Channel,https://images.justwatch.com/icon/329622473/s100
2435,Revry Amazon Channel,https://images.justwatch.com/icon/329623238/s100
2443,The Surf Network Amazon Channel,https://images.justwatch.com/icon/329636121/s100
2445,MovieSphere+ Amazon Channel,https://images.justwatch.com/icon/329636625/s100
2448,FUEL TV+ Amazon Channel,https://images.justwatch.com/icon/329637222/s100
2466,Warriors and Gangsters Amazon Channel,https://images.justwatch.com/icon/329670739/s100
2467,Xive TV Documentaries Amazon Channel,https://images.justwatch.com/icon/329670763/s100
2528,YouTube TV,https://images.justwatch.com/icon/334102416/s100
2529,Vimeo,https://images.justwatch.com/icon/332103362/s100
2533,Mometu,https://images.justwatch.com/icon/332429087/s100
2555,Bloodstream,https://images.justwatch.com/icon/337011752/s100
2565,MovieMe,https://images.justwatch.com/icon/336466142/s100
2616,Paramount Plus Essential,https://images.justwatch.com/icon/339047242/s100
2621,KQED,https://images.justwatch.com/icon/339615241/s100
2623,Artiflix,https://images.justwatch.com/icon/339924825/s100
2657,WETA+,https://images.justwatch.com/icon/339976454/s100
2667,YOW.tv,https://images.justwatch.com/icon/341023081/s100
2668,Wonder Project Amazon Channel,https://images.justwatch.com/icon/341274342/s100
2679,Amasian TV,https://images.justwatch.com/icon/342857236/s100
2684,TPT,https://images.justwatch.com/icon/343198896/s100
2685,Artify,https://images.justwatch.com/icon/343216598/s100
2703,Chilling,https://images.justwatch.com/icon/344382409/s100
2704,Cineverse Amazon Channel,https://images.justwatch.com/icon/344502144/s100
2736,Brew,https://images.justwatch.com/icon/346640048/s100
2745,Sony Pictures Core Amazon Channel,https://images.justwatch.com/icon/347188102/s100
2754,Howdy Amazon Channel,https://images.justwatch.com/icon/348080027/s100
2765,Pijama Films,https://images.justwatch.com/icon/350637525/s100
